"numID","lambdaSE","etaSE","wExSE","sigSE","wOS11SE","wOS12SE","wOS21SE","wOS22SE","lambda2SE","lpsSE","E0sSE","E0oSE","EvBlockLRSE","fRCondHess","prevpSE","prevuSE","SPartpSE","SPartuSE","TSE","blockLRSE","tRCondHess"
803185301909.000000,NaN,0.711870,6.380931,0.120644,2.778377,5.419891,5.982604,9.319891,NaN,NaN,0.338138,0.283441,NaN,0.000015,0.005550,NaN,0.078290,NaN,0.102972,0.393534,0.000031
803193445599.000000,NaN,0.370640,17.667902,0.140970,2.323473,4.644749,2.423799,4.773441,NaN,NaN,0.339894,0.331384,NaN,0.000015,0.000887,NaN,0.077472,NaN,0.069318,0.129734,0.000001
803193732642.000000,NaN,1.103478,86.555388,0.131970,0.942258,2.178404,0.928582,2.230338,NaN,NaN,0.200230,0.202319,NaN,0.000001,0.001618,NaN,0.168573,NaN,0.087488,0.466295,0.000003
803194151411.000000,NaN,3.220084,8.356472,0.156620,2.028266,6.155525,5.415606,8.952577,NaN,NaN,0.253231,0.630756,NaN,0.000102,0.002047,NaN,0.120927,NaN,0.361537,0.506744,0.000004
803194328451.000000,NaN,0.505153,2.480923,0.120283,3.666143,7.241992,3.909027,7.531895,NaN,NaN,0.244250,0.272179,NaN,0.000059,0.001121,NaN,0.068295,NaN,0.067605,0.183332,0.000001
803194901163.000000,NaN,0.950851,4.012138,0.149727,1.818219,3.601645,1.580222,3.339017,NaN,NaN,0.312174,0.305378,NaN,0.000381,0.021180,NaN,0.555865,NaN,0.304250,0.277134,0.000209
803194936992.000000,NaN,0.426124,1.120283,0.133838,1.524800,3.395384,1.740493,3.645333,NaN,NaN,0.165213,0.179321,NaN,0.000064,0.000895,NaN,0.129178,NaN,0.035966,0.404047,0.000001
803195530893.000000,NaN,0.462872,19.807276,0.146740,4.697873,6.356975,4.194274,6.586179,NaN,NaN,0.195968,0.161418,NaN,0.000001,0.000521,NaN,0.147499,NaN,0.136268,0.429545,0.000000
803195715293.000000,NaN,0.290941,5.784150,0.106759,2.768310,4.565520,2.726611,4.460685,NaN,NaN,0.079082,0.080753,NaN,0.000021,0.005066,NaN,0.121278,NaN,0.048915,0.208809,0.000026
80319572598.000000,NaN,2.014369,12.042929,0.126368,1.346360,2.608453,1.055782,2.168923,NaN,NaN,0.212285,0.185115,NaN,0.000050,0.001404,NaN,0.168843,NaN,0.050522,0.114562,0.000002
803195809675.000000,NaN,11.334798,15.135392,0.125247,1.976534,4.515351,2.034553,4.825423,NaN,NaN,0.422973,0.438945,NaN,0.000043,1.554230,NaN,0.124611,NaN,0.216943,0.608565,0.005054
803195826209.000000,NaN,0.788029,9.823125,0.158607,2.620333,5.363022,3.471717,6.085503,NaN,NaN,0.343564,0.467987,NaN,0.000158,0.002045,NaN,0.093739,NaN,0.342840,0.294470,0.000004
803195844304.000000,NaN,0.359263,10.752933,0.147642,0.793858,1.764657,0.776335,1.754539,NaN,NaN,0.174236,0.177903,NaN,0.000025,0.002318,NaN,0.080961,NaN,0.285808,0.466244,0.000005
803195909632.000000,NaN,0.336001,3.156188,0.165265,2.655401,4.925088,2.254158,4.583141,NaN,NaN,0.253207,0.250256,NaN,0.000203,0.001140,NaN,0.075310,NaN,0.046778,0.327040,0.000001
803200034717.000000,NaN,1.212675,10.809194,0.160912,2.765515,6.063255,2.624536,5.612967,NaN,NaN,0.554493,0.500452,NaN,0.000096,0.001218,NaN,0.089234,NaN,0.218580,0.188237,0.000001
803200325913.000000,NaN,0.340543,0.000000,0.124226,2.715749,4.930128,2.509624,4.709794,NaN,NaN,0.211596,0.219793,NaN,0.000001,1.555747,NaN,0.197170,NaN,0.082733,0.307632,0.002772
803200746785.000000,NaN,0.910251,10.039478,0.107811,1.348985,3.107779,1.400195,3.034329,NaN,NaN,0.279930,0.279332,NaN,0.000070,0.002492,NaN,0.162481,NaN,0.050550,0.571332,0.000006
803201410406.000000,NaN,0.716066,8.968383,0.116286,2.683226,5.246905,2.932087,5.506679,NaN,NaN,0.249564,0.267268,NaN,0.000059,0.003237,NaN,0.189976,NaN,0.143419,0.354602,0.000010
803202308493.000000,NaN,7.743016,343.783971,0.138140,1.652554,3.759377,1.463732,3.567023,NaN,NaN,0.308727,0.314178,NaN,0.000000,0.015255,NaN,0.149086,NaN,0.031786,0.037619,0.000232
803203201172.000000,NaN,NaN,NaN,NaN,NaN,NaN,NaN,NaN,NaN,NaN,NaN,NaN,NaN,0.000000,0.022438,NaN,0.042382,NaN,0.016301,0.166050,0.000217
803203457624.000000,NaN,1.263910,3.450768,0.103976,1.455885,3.444585,1.457050,3.166621,NaN,NaN,0.242859,0.236754,NaN,0.000190,0.000210,NaN,0.014204,NaN,0.033652,0.165185,0.000000
803204257369.000000,NaN,0.359852,1.752905,0.131118,2.628619,5.700704,3.614582,6.728180,NaN,NaN,0.171855,0.168137,NaN,0.000029,0.000820,NaN,0.040217,NaN,0.345281,0.532852,0.000001
803205550746.000000,NaN,3.266994,304.777920,0.121084,1.240044,2.891831,1.420889,3.408826,NaN,NaN,0.271045,0.306349,NaN,0.000000,0.002947,NaN,0.100146,NaN,0.075661,0.437472,0.000009
803210853510.000000,NaN,0.621350,6.394454,0.131538,1.727292,3.126217,1.288899,2.589697,NaN,NaN,0.171258,0.170297,NaN,0.000118,0.001091,NaN,0.333318,NaN,0.236324,0.409606,0.000001
803211033616.000000,NaN,0.483670,6.313807,0.121534,2.892181,4.762660,3.621239,5.452738,NaN,NaN,0.185239,0.247515,NaN,0.000124,0.001187,NaN,0.087597,NaN,0.382409,0.102430,0.000001
803211449911.000000,NaN,0.156842,1.843979,0.247046,3.951335,8.230192,4.723433,8.728721,NaN,NaN,0.524956,0.613736,NaN,0.000107,0.003332,NaN,0.488415,NaN,0.212663,0.490886,0.000011
803211715579.000000,NaN,0.736542,6.756834,0.112674,1.566564,3.641076,2.089336,4.652695,NaN,NaN,0.287848,0.373418,NaN,0.000081,0.001366,NaN,0.076211,NaN,0.026056,0.077914,0.000002
803212448985.000000,NaN,1.106901,9.990747,0.125864,3.812066,7.110257,7.242908,11.426300,NaN,NaN,0.101553,0.240616,NaN,0.000002,0.000452,NaN,0.126781,NaN,0.049749,0.301119,0.000000
803212821197.000000,NaN,0.602830,5.493961,0.128686,2.445659,5.151618,5.068753,8.355006,NaN,NaN,0.172151,0.242799,NaN,0.000103,0.000527,NaN,0.084707,NaN,0.054932,0.145061,0.000000
803213744132.000000,NaN,9.703353,14.137258,0.107460,1.279861,3.092728,1.268262,3.101273,NaN,NaN,0.189604,0.192048,NaN,0.000053,0.001697,NaN,0.103590,NaN,0.058922,0.279833,0.000003
