numID,D,wEx,eta,sig,wOS11,wOS12,wOS21,wOS22,E0s,E0o,sllSelf,sllOther,BIC,fRCond,tRCond,meanBC,pTrialsSplit,meanH,endH,meanKL,asymKL,meanSwing,meanCarry
803185301909,23.023985,0.00286533374078945,-0.610602,-0.096004,-5.655832,17.368153,4.55274,2.596576,-0.620937,0.019685,-46.886387,-36.757767,204.718255,1.5e-05,3.1e-05,0.490556719751075,0,4.31416403204158,4.10512916179168,0.0941896441605091,0.0896524452682487,0.13285367871717,3.97684755050782
803193445599,23.010142,0.988153516567154,0.344558,-0.381567,-3.713165,19.296977,-1.810711,13.045989,-1.070029,-1.030478,-25.586512,-27.022815,141.446818,1.5e-05,1e-06,0.485298891526356,0,4.46804562146385,4.13690719942119,0.103736003246455,0.164578500500769,0.0509526083520451,4.15506083767555
803193732642,0.320601,0.99937568624828,2.426293,-1.124702,1.605428,1.926029,0.888476,0.95573,0.118955,0.379889,-21.48835,-17.910165,115.341017,1e-06,3e-06,0.483644140405241,0.09375,4.10926035460629,4.07760670386722,0.103420651345199,-0.00714240772052792,0.210612692532811,1.06203865567488
803194151411,13.341103,0.0475739102928302,3.877641,0.030331,-0.092827,13.248276,15.188086,-7.394817,-0.552041,-2.475893,-43.329852,-15.03013,154.426856,0.000102,4e-06,0.501396394665428,0.277777777777778,3.84981015029828,3.33418494819831,0.137180360473956,-0.152192601162407,0.368251310218571,2.30611966158776
803194328451,-6.733085,0.190585381836453,0.059129,-0.158278,4.882666,-1.850419,3.571209,5.111868,0.034783,-0.010705,-43.738341,-30.133036,184.591856,5.9e-05,1e-06,0.509983850079698,0.0606060606060606,4.47847130991131,4.26153858046428,0.085828443891295,0.0347294775050622,0.243900690559256,3.41840369259575
803194901163,7.355641,0.585847681168356,1.506284,-0.317025,1.015781,8.371422,-1.081131,8.179339,-0.314517,-0.097191,-25.056041,-32.356393,151.673971,0.000381,0.000209,0.493587734409726,0,4.37143935658,4.06727830490931,0.12408299355381,0.093581009537058,0.137534862945625,4.76218673075422
803194936992,14.682557,0.293984738082343,-0.020332,-0.885374,-3.977809,10.704748,-2.073577,11.885344,-0.103717,-0.298604,-20.399397,-27.214967,131.456895,6.4e-05,1e-06,0.512421400904679,0.193548387096774,4.46801330190557,4.13529843419385,0.142241553053502,0.0600496510522714,0.264261356975815,4.36112611625085
803195530893,11.972135,0.998232801512663,-1.324744,-0.806408,2.762446,14.734581,4.546653,3.462114,-0.152382,-0.107461,-28.949584,-19.169568,133.382513,1e-06,0,0.513447897108694,0.0882352941176471,4.24298074277107,3.48819469825274,0.102038060082542,-0.0319342024651088,0.150085238981467,1.02677225393482
803195715293,-14.989599,0.0158387544651024,-0.942665,-0.629583,8.065514,-6.924085,3.718585,1.939891,0.170149,-0.034977,-35.252336,-34.361402,176.371686,2.1e-05,2.6e-05,0.448757879700347,0,4.06881744433011,2.91080385652271,0.114100968050273,0.0311950210897246,0.153053395331079,1.27845610483553
80319572598,-1.106674,0.135253921641448,2.956042,-0.764559,2.661183,1.554509,1.296777,3.855776,-0.344807,-0.412129,-26.603616,-23.886593,137.208583,5e-05,2e-06,0.492240316277986,0,4.60919635351835,4.46564460664249,0.146760018799464,-0.119383418753351,0.0798678053418261,5.2069983870712
803195809675,11.235203,0.322143175763574,6.191972,0.101346,-2.618186,8.617017,-1.517064,12.847505,-0.361731,-1.01634,-41.700303,-33.495101,185.952002,4.3e-05,0.005054,0.650738739473706,0.586206896551724,3.3762725483123,1.15940470391729,0.176000551778822,-0.104061925723873,0.950078910141511,3.77552477523347
803195826209,-13.302381,0.00190265980922107,0.949558,0.078131,6.405337,-6.897044,0.309839,15.767477,0.636479,-1.274855,-37.05969,-19.729417,148.786421,0.000158,4e-06,0.497354584348366,0.0714285714285714,4.34735835937196,4.27524004764686,0.15968592318112,0.02291095950553,0.258706750111397,5.02057102463664
803195844304,7.598426,0.703099843972545,1.929626,-1.146073,-0.066003,7.532423,0.245497,6.528022,-0.479221,-0.254744,-20.543118,-19.185328,116.88684,2.5e-05,5e-06,0.522502100107115,0.171428571428571,4.24220620677652,3.97520171689512,0.255890242177255,-0.0200874218653931,0.450445664193562,4.39546068313984
803195909632,4.301546,0.485621965088505,0.888131,-0.446225,3.252767,7.554313,-0.533031,14.426925,-0.54829,-0.811277,-23.824523,-19.390156,123.859305,0.000203,1e-06,0.55255910101968,0.457142857142857,4.34836731562055,3.46825082494466,0.165642624170991,0.0295743935778622,0.330401570228566,2.82575804481335
803200034717,-16.750927,0.867971262595265,1.691832,0.356457,7.842795,-8.908132,3.577808,2.335636,1.357138,0.252531,-38.979704,-36.429211,187.666931,9.6e-05,1e-06,0.480377676386506,0,4.25759752399873,3.37849943881608,0.147893349205635,0.0876218360138074,0.20471709758516,0.22341759787395
803200325913,-10.231385,0.99982399251281,-0.006755,-0.50449,7.506592,-2.724793,3.377385,2.933986,-0.227169,-0.343634,-28.771009,-34.915793,164.517813,1e-06,0.002772,0.503422653804166,0.0882352941176471,4.36023129375522,2.52696163699286,0.179991546287351,0.0462877169127943,0.261039157795658,3.24690750318904
803200746785,17.045059,0.991122428260754,1.688456,-0.448457,-3.412428,13.632631,-0.453955,3.748419,-0.77542,-0.090518,-39.468158,-40.016564,196.945013,7e-05,6e-06,0.47107809975945,0,4.32652609555751,3.85109612383597,0.112287908892909,-0.0755772704711987,0.0878457131748786,1.79126277508893
803201410406,-6.579391,0.0286367677804648,0.146203,-0.211418,3.83109,-2.748301,2.935616,0.763145,0.155768,0.008069,-42.672094,-41.443008,205.374414,5.9e-05,1e-05,0.496791868453514,0,4.44776225393121,4.06569883948714,0.113506230740619,-0.0113286329837744,0.0453860673875412,2.17593803384525
803202308493,0.22457,0.999503047483185,6.173297,-0.173742,2.363489,2.588059,1.123287,2.300276,0.223883,1.112309,-37.124271,-31.295326,173.688294,0,0.000232,0.538572557427387,0.363636363636364,4.29844226873536,4.39294511896522,0.208816331009897,-0.18022644174311,0.392070619140812,5.01224174631415
803203201172,16.374525,8.03384404040765e-05,9.624929,-0.979762,-4.321553,12.052972,-1.19333,2.976155,-0.118809,0.69798,-26.687426,-12.950986,116.125925,0,0.000217,0.588060836842876,0.545454545454545,4.2036208693289,3.45406725776032,0.269211565546992,0.207318363488304,0.505242187939761,6.19204948915108
803203457624,11.911064,0.651213827465538,0.723188,-0.553187,-2.827036,9.084028,-1.058717,4.328592,-0.166599,-0.190371,-43.375037,-34.6155,193.687968,0.00019,0,0.45787253389639,0,3.97594595919527,3.91281339498852,0.0724162609350215,0.0499133368576,0.101222695991976,4.50035793541971
803204257369,3.601306,0.419915325110824,-0.682984,-0.269881,3.473647,7.074953,9.976505,-7.371994,-0.257405,0.241884,-35.616654,-34.170508,176.718533,2.9e-05,1e-06,0.538809283620382,0.264705882352941,3.84738605201051,2.62723298642809,0.156761894959443,-0.0561917998715286,0.331936193939196,1.13809045366755
803205550746,9.258966,0.999886497478901,2.886862,-0.355509,-1.216134,8.042832,-1.371654,8.179728,-0.760851,0.627082,-41.037714,-26.457704,171.534823,0,9e-06,0.509259963179497,0.0625,4.61640469630391,4.22424453173809,0.200909461595571,-0.197124100790383,0.185723604059543,4.11407292082214
803210853510,-9.717777,0.989681195947298,1.198264,-0.766814,6.001203,-3.716574,1.089548,5.386113,-0.120225,-0.677366,-24.910331,-25.802923,137.654672,0.000118,1e-06,0.425999656932297,0,4.02495627626978,2.92197028088436,0.131606038771454,-0.00415448501717339,0.166844365007111,2.59331392414669
803211033616,-10.388384,0.0194500108453601,0.911023,-0.286824,6.838312,-3.550072,6.62536,0.272762,-0.129008,-1.064808,-30.751481,-32.656698,163.360346,0.000124,1e-06,0.532529720334045,0.15625,4.06568082115574,3.67731711855544,0.184662883979611,0.0602830226223943,0.565658269104949,5.03310078230338
803211449911,6.653406,0.585055272242415,-0.061497,0.008017,4.284564,10.93797,15.090831,-4.7851,-0.312557,1.551618,-11.269364,-9.470141,78.328111,0.000107,1.1e-05,0.497479585327663,0,4.3228015880829,4.01516821534291,0.0622436035280212,0.0838604537388534,0.0581104384983263,2.60985773484836
803211715579,9.885888,0.95584349767271,0.427219,-0.469343,-1.051863,8.834025,-0.33863,5.941958,-0.573895,-0.401856,-39.126383,-36.131667,187.946046,8.1e-05,2e-06,0.46348205093424,0,4.46285053072488,3.9281430936196,0.168113901034003,-0.0334917046333479,0.0962168289272622,4.82986760136771
803212448985,-6.500717,0.00167112116913633,-0.791077,-0.931196,3.036764,-3.463953,5.807989,-4.533161,0.132646,0.087921,-32.600022,-21.100095,143.944221,2e-06,0,0.572874452228821,0.65625,3.98770315152583,3.53987707379869,0.135478589660307,-0.0455798178722105,0.42263885485594,1.33721276923139
803212821197,-6.80088,0.00713605172604699,1.144748,-0.289521,4.884834,-1.916046,11.878913,1.374574,0.372936,-1.190878,-35.209788,-23.718836,153.758103,0.000103,0,0.478970942625913,0,4.52435611114443,4.03323273533546,0.156047120295834,-0.100409416197957,0.121661085997764,4.20582472932109
803213744132,-3.277829,0.504144405083168,5.123012,-0.402517,1.848341,-1.429488,-0.775604,5.400586,-0.111849,-0.675054,-35.776039,-43.587535,195.57625,5.3e-05,3e-06,0.50988487484727,0.333333333333333,3.58971794907841,2.38247047917344,0.142721459365827,-0.0100528534595995,0.16140748087767,1.18365139457465
