"numID","lambda","eta","wEx","sig","wOS11","wOS12","wOS21","wOS22","lambda2","lps","E0s","E0o","EvBlockLR","slpf","sllSf","sllOf","BICf","sllt","slpt","BICt","Spref1","Spref2","Spref3","Spref4","prevp","prevu","prevPri1","prevPri2","prevPri3","prevPri4","SPartp","SPartu","SPartnPr1","SPartnPr2","SPartnPr3","SPartnPr4","T","blockLR"
803185301909.000000,-20.000000,-0.610602,-5.852201,-0.096004,-5.655832,17.368153,4.552740,2.596576,-20.000000,-20.000000,-0.620937,0.019685,-1.400000,-108.844329,-46.886387,-36.757767,204.718255,-29.901401,NaN,NaN,0.000000,1.000000,3.000000,3.000000,0.848534,1.000000,NaN,NaN,NaN,NaN,0.913743,1.000000,NaN,NaN,NaN,NaN,0.353156,0.140637
803193445599.000000,-20.000000,0.344558,4.423807,-0.381567,-3.713165,19.296977,-1.810711,13.045989,-20.000000,-20.000000,-1.070029,-1.030478,-1.400000,-78.733988,-25.586512,-27.022815,141.446818,-30.509846,NaN,NaN,0.000000,0.000000,2.000000,3.000000,0.892991,1.000000,NaN,NaN,NaN,NaN,0.829187,1.000000,NaN,NaN,NaN,NaN,0.211357,0.043257
803193732642.000000,-20.000000,2.426293,7.378233,-1.124702,1.605428,1.926029,0.888476,0.955730,-20.000000,-20.000000,0.118955,0.379889,-1.400000,-63.023904,-21.488350,-17.910165,115.341017,-27.310515,NaN,NaN,0.000000,2.000000,2.000000,3.000000,0.412733,1.000000,NaN,NaN,NaN,NaN,0.869710,1.000000,NaN,NaN,NaN,NaN,0.254655,0.497630
803194151411.000000,-20.000000,3.877641,-2.996728,0.030331,-0.092827,13.248276,15.188086,-7.394817,-20.000000,-20.000000,-0.552041,-2.475893,-1.400000,-83.997888,-43.329852,-15.030130,154.426856,-44.124603,NaN,NaN,0.000000,2.000000,0.000000,0.000000,0.484317,1.000000,NaN,NaN,NaN,NaN,0.942470,1.000000,NaN,NaN,NaN,NaN,1.038270,0.592166
803194328451.000000,-20.000000,0.059129,-1.446211,-0.158278,4.882666,-1.850419,3.571209,5.111868,-20.000000,-20.000000,0.034783,-0.010705,-1.400000,-97.673356,-43.738341,-30.133036,184.591856,-29.520703,NaN,NaN,0.000000,1.000000,2.000000,3.000000,0.053325,1.000000,NaN,NaN,NaN,NaN,0.916983,1.000000,NaN,NaN,NaN,NaN,0.215638,0.066107
803194901163.000000,-20.000000,1.506284,0.346826,-0.317025,1.015781,8.371422,-1.081131,8.179339,-20.000000,-20.000000,-0.314517,-0.097191,-1.400000,-81.534699,-25.056041,-32.356393,151.673971,-38.197437,NaN,NaN,0.000000,2.000000,3.000000,3.000000,0.472706,1.000000,NaN,NaN,NaN,NaN,0.598109,1.000000,NaN,NaN,NaN,NaN,0.976016,0.093170
803194936992.000000,-20.000000,-0.020332,-0.876109,-0.885374,-3.977809,10.704748,-2.073577,11.885344,-20.000000,-20.000000,-0.103717,-0.298604,-1.400000,-72.342594,-20.399397,-27.214967,131.456895,-20.396334,NaN,NaN,0.000000,2.000000,3.000000,3.000000,0.843315,1.000000,NaN,NaN,NaN,NaN,0.493156,1.000000,NaN,NaN,NaN,NaN,0.119747,0.201485
803195530893.000000,-20.000000,-1.324744,6.336591,-0.806408,2.762446,14.734581,4.546653,3.462114,-20.000000,-20.000000,-0.152382,-0.107461,-1.400000,-72.835973,-28.949584,-19.169568,133.382513,-35.136188,NaN,NaN,0.000000,0.000000,3.000000,3.000000,0.440610,1.000000,NaN,NaN,NaN,NaN,0.823052,1.000000,NaN,NaN,NaN,NaN,0.429105,0.674687
803195715293.000000,-20.000000,-0.942665,-4.129330,-0.629583,8.065514,-6.924085,3.718585,1.939891,-20.000000,-20.000000,0.170149,-0.034977,-1.400000,-93.721903,-35.252336,-34.361402,176.371686,-29.196111,NaN,NaN,0.000000,1.000000,1.000000,3.000000,0.484710,1.000000,NaN,NaN,NaN,NaN,0.856468,1.000000,NaN,NaN,NaN,NaN,0.190117,0.711023
80319572598.000000,-20.000000,2.956042,-1.855282,-0.764559,2.661183,1.554509,1.296777,3.855776,-20.000000,-20.000000,-0.344807,-0.412129,-1.400000,-74.143310,-26.603616,-23.886593,137.208583,-25.510735,NaN,NaN,1.000000,1.000000,2.000000,3.000000,0.489559,1.000000,NaN,NaN,NaN,NaN,0.305876,1.000000,NaN,NaN,NaN,NaN,0.178866,0.037068
803195809675.000000,-20.000000,6.191972,-0.743940,0.101346,-2.618186,8.617017,-1.517064,12.847505,-20.000000,-20.000000,-0.361731,-1.016340,-1.400000,-99.855537,-41.700303,-33.495101,185.952002,-30.036537,NaN,NaN,3.000000,3.000000,3.000000,1.000000,0.446565,1.000000,NaN,NaN,NaN,NaN,0.059194,1.000000,NaN,NaN,NaN,NaN,0.676991,0.405537
803195826209.000000,-20.000000,0.949558,-6.262598,0.078131,6.405337,-6.897044,0.309839,15.767477,-20.000000,-20.000000,0.636479,-1.274855,-1.400000,-81.869148,-37.059690,-19.729417,148.786421,-34.264311,NaN,NaN,0.000000,0.000000,3.000000,3.000000,0.868439,1.000000,NaN,NaN,NaN,NaN,0.911028,1.000000,NaN,NaN,NaN,NaN,1.041430,0.098410
803195844304.000000,-20.000000,1.929626,0.862103,-1.146073,-0.066003,7.532423,0.245497,6.528022,-20.000000,-20.000000,-0.479221,-0.254744,-1.400000,-63.686473,-20.543118,-19.185328,116.886840,-40.791125,NaN,NaN,3.000000,1.000000,3.000000,3.000000,0.057534,1.000000,NaN,NaN,NaN,NaN,0.033454,1.000000,NaN,NaN,NaN,NaN,0.941936,0.255507
803195909632.000000,-20.000000,0.888131,-0.057528,-0.446225,3.252767,7.554313,-0.533031,14.426925,-20.000000,-20.000000,-0.548290,-0.811277,-1.400000,-67.960016,-23.824523,-19.390156,123.859305,-25.609285,NaN,NaN,0.000000,2.000000,3.000000,3.000000,0.851312,1.000000,NaN,NaN,NaN,NaN,0.171070,1.000000,NaN,NaN,NaN,NaN,0.169431,0.567418
803200034717.000000,-20.000000,1.691832,1.883139,0.356457,7.842795,-8.908132,3.577808,2.335636,-20.000000,-20.000000,1.357138,0.252531,-1.400000,-99.633618,-38.979704,-36.429211,187.666931,-35.299085,NaN,NaN,0.000000,0.000000,3.000000,3.000000,0.452405,1.000000,NaN,NaN,NaN,NaN,0.930480,1.000000,NaN,NaN,NaN,NaN,0.718899,0.845753
803200325913.000000,-20.000000,-0.006755,8.644808,-0.504490,7.506592,-2.724793,3.377385,2.933986,-20.000000,-20.000000,-0.227169,-0.343634,-1.400000,-87.635287,-28.771009,-34.915793,164.517813,-35.015560,NaN,NaN,0.000000,1.000000,1.000000,3.000000,0.448102,1.000000,NaN,NaN,NaN,NaN,0.808755,1.000000,NaN,NaN,NaN,NaN,0.285516,0.356874
803200746785.000000,-20.000000,1.688456,4.715310,-0.448457,-3.412428,13.632631,-0.453955,3.748419,-20.000000,-20.000000,-0.775420,-0.090518,-1.400000,-103.980137,-39.468158,-40.016564,196.945013,-23.708732,NaN,NaN,0.000000,1.000000,3.000000,3.000000,0.041730,1.000000,NaN,NaN,NaN,NaN,0.797892,1.000000,NaN,NaN,NaN,NaN,0.152030,0.284525
803201410406.000000,-20.000000,0.146203,-3.524009,-0.211418,3.831090,-2.748301,2.935616,0.763145,-20.000000,-20.000000,0.155768,0.008069,-1.400000,-107.785678,-42.672094,-41.443008,205.374414,-35.580931,NaN,NaN,0.000000,0.000000,3.000000,3.000000,0.849271,1.000000,NaN,NaN,NaN,NaN,0.697839,1.000000,NaN,NaN,NaN,NaN,0.479793,0.562366
803202308493.000000,-20.000000,6.173297,7.606519,-0.173742,2.363489,2.588059,1.123287,2.300276,-20.000000,-20.000000,0.223883,1.112309,-1.400000,-92.129787,-37.124271,-31.295326,173.688294,-21.138703,NaN,NaN,1.000000,2.000000,2.000000,1.000000,0.854240,1.000000,NaN,NaN,NaN,NaN,0.168887,1.000000,NaN,NaN,NaN,NaN,0.126778,0.010000
803203201172.000000,-20.000000,9.624929,-9.429182,-0.979762,-4.321553,12.052972,-1.193330,2.976155,-20.000000,-20.000000,-0.118809,0.697980,-1.400000,-64.084834,-26.687426,-12.950986,116.125925,-20.451717,NaN,NaN,1.000000,3.000000,3.000000,3.000000,0.083962,1.000000,NaN,NaN,NaN,NaN,0.085751,1.000000,NaN,NaN,NaN,NaN,0.016389,0.082383
803203457624.000000,-20.000000,0.723188,0.624379,-0.553187,-2.827036,9.084028,-1.058717,4.328592,-20.000000,-20.000000,-0.166599,-0.190371,-1.400000,-101.985416,-43.375037,-34.615500,193.687968,-16.026263,NaN,NaN,0.000000,1.000000,3.000000,3.000000,0.010139,1.000000,NaN,NaN,NaN,NaN,0.990000,1.000000,NaN,NaN,NaN,NaN,0.121004,0.052869
803204257369.000000,-20.000000,-0.682984,-0.323121,-0.269881,3.473647,7.074953,9.976505,-7.371994,-20.000000,-20.000000,-0.257405,0.241884,-1.400000,-94.238356,-35.616654,-34.170508,176.718533,-40.486974,NaN,NaN,1.000000,1.000000,3.000000,3.000000,0.786478,1.000000,NaN,NaN,NaN,NaN,0.990000,1.000000,NaN,NaN,NaN,NaN,1.095095,0.521796
803205550746.000000,-20.000000,2.886862,9.083572,-0.355509,-1.216134,8.042832,-1.371654,8.179728,-20.000000,-20.000000,-0.760851,0.627082,-1.400000,-91.690295,-41.037714,-26.457704,171.534823,-31.406277,NaN,NaN,0.000000,2.000000,3.000000,3.000000,0.041772,1.000000,NaN,NaN,NaN,NaN,0.193271,1.000000,NaN,NaN,NaN,NaN,0.248972,0.287944
803210853510.000000,-20.000000,1.198264,4.563415,-0.766814,6.001203,-3.716574,1.089548,5.386113,-20.000000,-20.000000,-0.120225,-0.677366,-1.400000,-74.609883,-24.910331,-25.802923,137.654672,-35.948926,NaN,NaN,0.000000,0.000000,3.000000,3.000000,0.837054,1.000000,NaN,NaN,NaN,NaN,0.635726,1.000000,NaN,NaN,NaN,NaN,0.671442,0.508435
803211033616.000000,-20.000000,0.911023,-3.920266,-0.286824,6.838312,-3.550072,6.625360,0.272762,-20.000000,-20.000000,-0.129008,-1.064808,-1.400000,-87.399273,-30.751481,-32.656698,163.360346,-40.100406,NaN,NaN,0.000000,0.000000,2.000000,2.000000,0.864610,1.000000,NaN,NaN,NaN,NaN,0.967199,1.000000,NaN,NaN,NaN,NaN,0.963580,0.028810
803211449911.000000,-20.000000,-0.061497,0.343561,0.008017,4.284564,10.937970,15.090831,-4.785100,-20.000000,-20.000000,-0.312557,1.551618,-1.400000,-45.989674,-11.269364,-9.470141,78.328111,-32.011551,NaN,NaN,1.000000,3.000000,3.000000,3.000000,0.458591,1.000000,NaN,NaN,NaN,NaN,0.871649,1.000000,NaN,NaN,NaN,NaN,0.810704,0.167366
803211715579.000000,-20.000000,0.427219,3.074854,-0.469343,-1.051863,8.834025,-0.338630,5.941958,-20.000000,-20.000000,-0.573895,-0.401856,-1.400000,-99.288367,-39.126383,-36.131667,187.946046,-25.050973,NaN,NaN,0.000000,1.000000,2.000000,3.000000,0.484619,1.000000,NaN,NaN,NaN,NaN,0.888948,1.000000,NaN,NaN,NaN,NaN,0.095537,0.071734
803212448985.000000,-20.000000,-0.791077,-6.392588,-0.931196,3.036764,-3.463953,5.807989,-4.533161,-20.000000,-20.000000,0.132646,0.087921,-1.400000,-77.592244,-32.600022,-21.100095,143.944221,-27.908474,NaN,NaN,0.000000,1.000000,2.000000,3.000000,0.033851,1.000000,NaN,NaN,NaN,NaN,0.885845,1.000000,NaN,NaN,NaN,NaN,0.175007,0.524728
803212821197.000000,-20.000000,1.144748,-4.935434,-0.289521,4.884834,-1.916046,11.878913,1.374574,-20.000000,-20.000000,0.372936,-1.190878,-1.400000,-83.235452,-35.209788,-23.718836,153.758103,-25.379572,NaN,NaN,0.000000,0.000000,2.000000,1.000000,0.873087,1.000000,NaN,NaN,NaN,NaN,0.096078,1.000000,NaN,NaN,NaN,NaN,0.169609,0.122428
803213744132.000000,-20.000000,5.123012,0.016578,-0.402517,1.848341,-1.429488,-0.775604,5.400586,-20.000000,-20.000000,-0.111849,-0.675054,-1.400000,-103.068685,-35.776039,-43.587535,195.576250,-29.210391,NaN,NaN,0.000000,0.000000,1.000000,3.000000,0.048282,1.000000,NaN,NaN,NaN,NaN,0.786311,1.000000,NaN,NaN,NaN,NaN,0.199615,0.682242
