Submission id,Participant id,Status,Custom study tncs accepted at,Started at,Completed at,Reviewed at,Archived at,Time taken,Completion code,Total approvals,Mental health diagnosis,Chronic condition/illness,Age,Sex,Ethnicity simplified,Country of birth,Country of residence,Nationality,Language,Student status,Employment status,Authenticity check: Bots
6a70d93c30e163d0f8c12644,6a009fb698bfd622eca974a9,APPROVED,Not Applicable,2026-08-03T18:09:06.200000Z,2026-08-03T18:34:52.673000Z,2026-08-03T21:08:23.322000Z,2026-08-03T18:34:53.043405Z,1547.0,C5JOK9OQ,387,No,None/Rather not say,33,Male,White,United Kingdom,United Kingdom,United Kingdom,English,No,Full-Time,N/A
6a70da0c50d0c0ec5868f0fd,6a0b4578b1cb349ba5b67549,APPROVED,Not Applicable,2026-08-03T18:12:32.457000Z,2026-08-03T18:47:40.383000Z,2026-08-03T21:21:52.573000Z,2026-08-03T18:47:40.729410Z,2108.0,NOCODE,421,No,None/Rather not say,19,Female,White,United Kingdom,United Kingdom,United Kingdom,English,Yes,Unemployed (and job seeking),N/A
6a70da83898d06a27af723f1,66e42249ff3f1be588b9bf04,APPROVED,Not Applicable,2026-08-03T18:15:52.130000Z,2026-08-03T18:45:02.937000Z,2026-08-03T21:21:53.892000Z,2026-08-03T18:45:03.296848Z,1751.0,NOCODE,6421,No,None/Rather not say,64,Male,White,United Kingdom,United Kingdom,United Kingdom,English,No,Full-Time,N/A
6a70db02d36f4f6bcdd0cbb6,6a0adda4ab63b9293ca9d4ab,APPROVED,Not Applicable,2026-08-03T18:16:49.604000Z,2026-08-03T18:38:29.263000Z,2026-08-03T21:21:55.280000Z,2026-08-03T18:38:29.669617Z,1300.0,NOCODE,703,No,None/Rather not say,34,Female,White,United Kingdom,United Kingdom,United Kingdom,English,No,Full-Time,N/A
6a70db7d8b2560dd3e84a40b,67703ec47526d60bf1daa4cf,APPROVED,Not Applicable,2026-08-03T18:18:44.676000Z,2026-08-03T18:50:07.047000Z,2026-08-03T21:21:56.985000Z,2026-08-03T18:50:07.561680Z,1883.0,NOCODE,310,No,None/Rather not say,26,Male,White,United Kingdom,United Kingdom,United Kingdom,English,No,Full-Time,N/A
6a70dbdaca45becfbae0db01,6a08d7ebd6444314bbbf1112,APPROVED,Not Applicable,2026-08-03T18:23:34.265000Z,2026-08-03T19:35:04.387000Z,2026-08-03T21:08:39.822000Z,2026-08-03T19:35:04.755032Z,4291.0,C5JOK9OQ,687,No,None/Rather not say,37,Male,White,United Kingdom,United Kingdom,United Kingdom,English,No,Full-Time,N/A
6a70dc67dc3ad11bd8c27949,6a09ed98e46b23c32ad77c35,APPROVED,Not Applicable,2026-08-03T18:23:25.434000Z,2026-08-03T19:21:25.758000Z,2026-08-03T21:08:34.238000Z,2026-08-03T19:21:26.117346Z,3481.0,C5JOK9OQ,441,No,None/Rather not say,60,Female,White,United Kingdom,United Kingdom,United Kingdom,English,No,"Not in paid work (e.g. homemaker', 'retired or disabled)",N/A
6a70dc8a991579aee7affc94,6a1d2f27664a6c9c515fcf33,APPROVED,Not Applicable,2026-08-03T18:23:18.219000Z,2026-08-03T19:06:06.909000Z,2026-08-03T21:21:50.300000Z,2026-08-03T19:06:07.373061Z,2569.0,NOCODE,316,No,None/Rather not say,20,Male,Black,United Kingdom,United Kingdom,United Kingdom,English,Yes,Other,N/A
6a70dcc4a2551f30755c777c,6a099489f1e1e2721150908d,APPROVED,Not Applicable,2026-08-03T18:24:04.799000Z,2026-08-03T18:31:15.593000Z,2026-08-03T21:08:36.148000Z,2026-08-03T18:31:15.941000Z,431.0,NOCODE,245,No,None/Rather not say,49,Male,White,Argentina,United Kingdom,Greece,Spanish,No,Part-Time,N/A
6a70dd3b5f22b4794d48260a,6125646031b73d8171421e7c,APPROVED,Not Applicable,2026-08-03T18:34:34.781000Z,2026-08-03T18:58:39.408000Z,2026-08-03T21:08:58.390000Z,2026-08-03T18:58:39.800902Z,1445.0,C5JOK9OQ,5630,No,None/Rather not say,45,Male,White,United Kingdom,United Kingdom,United Kingdom,English,No,Full-Time,N/A
6a70dd4aceb1470e1f170aef,5ef5f74fb4a08f2676fb3aba,APPROVED,Not Applicable,2026-08-03T18:26:32.570000Z,2026-08-03T19:26:03.976000Z,2026-08-03T21:21:58.698000Z,2026-08-03T19:26:04.521703Z,3572.0,NOCODE,7021,No,None/Rather not say,55,Female,White,United Kingdom,United Kingdom,United Kingdom,English,No,Part-Time,N/A
6a70dd4db1468ad898b09f90,58cd6ec9a2ea98000191c6a1,APPROVED,Not Applicable,2026-08-03T18:26:28.617000Z,2026-08-03T18:57:24.611000Z,2026-08-03T21:08:42.211000Z,2026-08-03T18:57:25.072342Z,1856.0,C5JOK9OQ,1783,No,None/Rather not say,44,Female,White,United Kingdom,United Kingdom,United Kingdom,English,No,Other,N/A
6a70dd53cf69ad5c4808952e,54b2d430fdf99b0157256e35,APPROVED,Not Applicable,2026-08-03T18:26:50.705000Z,2026-08-03T19:03:35.427000Z,2026-08-03T21:08:45.903000Z,2026-08-03T19:03:35.788715Z,2205.0,C5JOK9OQ,4101,No,None/Rather not say,62,Female,White,United Kingdom,United Kingdom,United Kingdom,English,No,Full-Time,N/A
6a70dd56f85a90b2b748909c,6a1589d7aa43b48061cf738a,APPROVED,Not Applicable,2026-08-03T18:27:10.166000Z,2026-08-03T18:55:47.929000Z,2026-08-03T21:08:49.369000Z,2026-08-03T18:55:48.282973Z,1718.0,C5JOK9OQ,494,No,None/Rather not say,30,Male,White,United Kingdom,United Kingdom,United Kingdom,English,No,Full-Time,N/A
6a70dd84a2c4111511c5c5e6,6a0623be513f7fec0d78ca9e,APPROVED,Not Applicable,2026-08-03T18:28:05.542000Z,2026-08-03T19:03:01.690000Z,2026-08-03T21:08:53.349000Z,2026-08-03T19:03:02.147987Z,2097.0,C5JOK9OQ,362,No,None/Rather not say,24,Female,Asian,United Kingdom,United Kingdom,United Kingdom,English,No,Unemployed (and job seeking),N/A
6a70de49f9477c7a681b1b01,562a2eaac8ffc20012514145,APPROVED,Not Applicable,2026-08-03T18:30:38.547000Z,2026-08-03T18:49:44.406000Z,2026-08-03T21:08:55.896000Z,2026-08-03T18:49:45.627021Z,1146.0,C5JOK9OQ,1496,No,None/Rather not say,44,Female,White,United Kingdom,United Kingdom,United Kingdom,English,Yes,Full-Time,N/A
6a70de5f013803fad8417122,676076301bc5c16006c24739,APPROVED,Not Applicable,2026-08-03T18:30:59.749000Z,2026-08-03T18:50:12.951000Z,2026-08-03T21:21:49.763000Z,2026-08-03T18:50:13.290329Z,1154.0,NOCODE,398,No,None/Rather not say,23,Female,White,United Kingdom,United Kingdom,United Kingdom,English,Yes,Part-Time,N/A
6a70df928afc99bf39ed138f,65e6238e5774c7e869f5defd,APPROVED,Not Applicable,2026-08-03T18:36:10.423000Z,2026-08-03T18:59:19.288000Z,2026-08-03T21:09:00.462000Z,2026-08-03T18:59:19.657181Z,1389.0,C5JOK9OQ,1723,No,None/Rather not say,21,Male,Asian,United Kingdom,United Kingdom,United Kingdom,English,No,Unemployed (and job seeking),N/A
6a70e084e7845b0c12c13248,6a0b8604ce3d7e9d2d1a9603,APPROVED,Not Applicable,2026-08-03T18:40:27.034000Z,2026-08-03T19:14:20.946000Z,2026-08-03T21:12:11.212000Z,2026-08-03T19:14:21.311896Z,2034.0,C5JOK9OQ,35,No,None/Rather not say,24,Male,Black,United States,United Kingdom,Nigeria,English,No,Unemployed (and job seeking),N/A
6a70e5b4e03335d1f7cfde36,60dc63cf94238618c443b2d9,APPROVED,Not Applicable,2026-08-03T19:02:16.288000Z,2026-08-03T19:32:06.105000Z,2026-08-03T21:12:13.443000Z,2026-08-03T19:32:06.462098Z,1790.0,C5JOK9OQ,2903,No,None/Rather not say,34,Female,Mixed,United Kingdom,United Kingdom,United Kingdom,English,No,Unemployed (and job seeking),N/A
6a70e7780b20b35de04c547a,6a146da67998f9a45a214595,APPROVED,Not Applicable,2026-08-03T19:10:48.645000Z,2026-08-03T19:36:36.490000Z,2026-08-03T21:22:04.113000Z,2026-08-03T19:36:36.853842Z,1548.0,NOCODE,142,No,None/Rather not say,38,Male,Black,United Kingdom,United Kingdom,Nigeria,English,No,Full-Time,N/A
6a70e7cc449b4194ec05f00d,62da6a18dcc4b4fbb94abd33,APPROVED,Not Applicable,2026-08-03T19:11:15.220000Z,2026-08-03T19:43:32.500000Z,2026-08-03T21:12:15.815000Z,2026-08-03T19:43:32.864143Z,1938.0,C5JOK9OQ,590,No,None/Rather not say,22,Male,White,United Kingdom,United Kingdom,United Kingdom,English,No,Full-Time,N/A
6a70e9bc1d78b14d4d9ebb1a,6a183dece5c4c54e846135f3,APPROVED,Not Applicable,2026-08-03T19:22:50.225000Z,2026-08-03T20:09:37.112000Z,2026-08-03T21:12:18.028000Z,2026-08-03T20:09:37.468946Z,2807.0,C5JOK9OQ,221,No,None/Rather not say,28,Male,White,United Kingdom,United Kingdom,United Kingdom,English,No,Full-Time,N/A
6a70eaddb770006c3b92bf23,6a16a850d2171801a188dc1c,APPROVED,Not Applicable,2026-08-03T19:26:42.171000Z,2026-08-03T20:20:07.006000Z,2026-08-03T21:21:49.028000Z,2026-08-03T20:20:07.377279Z,3205.0,NOCODE,204,No,None/Rather not say,26,Female,Black,United Kingdom,United Kingdom,United Kingdom,English,Yes,Full-Time,N/A
6a70eaed6e928584aab09f9a,697a617c5a65b0190b2fd918,APPROVED,Not Applicable,2026-08-03T19:25:45.675000Z,2026-08-03T19:55:58.678000Z,2026-08-03T21:12:19.987000Z,2026-08-03T19:55:59.032661Z,1814.0,C5JOK9OQ,2787,No,None/Rather not say,46,Female,Asian,Hong Kong,United Kingdom,United Kingdom,Cantonese,No,"Not in paid work (e.g. homemaker', 'retired or disabled)",N/A
6a70eea13e21593df5f76ae4,5908ee77d4b33900015cb3f7,APPROVED,Not Applicable,2026-08-03T19:40:24.594000Z,2026-08-03T20:12:32.422000Z,2026-08-03T21:21:47.922000Z,2026-08-03T20:12:32.800715Z,1928.0,NOCODE,754,No,None/Rather not say,53,Female,Asian,India,United Kingdom,United Kingdom,English,No,Full-Time,N/A
6a70efe42df8f0a02822ba06,5a5bd24be0cf3d000126849e,APPROVED,Not Applicable,2026-08-03T19:47:56.116000Z,2026-08-03T20:25:05.272000Z,2026-08-03T21:12:26.400000Z,2026-08-03T20:25:05.675098Z,2230.0,C5JOK9OQ,4414,No,None/Rather not say,48,Female,White,United Kingdom,United Kingdom,United Kingdom,English,No,Part-Time,N/A
6a70f010aca0869b96f5d7ed,69ff960e55b88c403c30c175,APPROVED,Not Applicable,2026-08-03T19:46:44.765000Z,2026-08-03T20:17:33.108000Z,2026-08-03T21:12:24.006000Z,2026-08-03T20:17:33.486843Z,1849.0,C5JOK9OQ,669,No,None/Rather not say,30,Female,Other,Nigeria,United Kingdom,United Kingdom,English,No,Part-Time,N/A
6a70f24d2b02b39d2e0195c1,6a15dcd14c68c56fac0960da,APPROVED,Not Applicable,2026-08-03T19:56:37.899000Z,2026-08-03T20:28:31.295000Z,2026-08-03T21:12:28.951000Z,2026-08-03T20:28:31.640088Z,1914.0,C5JOK9OQ,364,No,None/Rather not say,48,Male,White,United Kingdom,United Kingdom,United Kingdom,English,No,Full-Time,N/A
6a70f627f1d630d2361b1b0d,6a03459e5c3c329e6670a53e,APPROVED,Not Applicable,2026-08-03T20:12:51.700000Z,2026-08-03T20:37:51.252000Z,2026-08-03T21:12:30.831000Z,2026-08-03T20:37:51.849927Z,1500.0,C5JOK9OQ,499,No,None/Rather not say,22,Male,Asian,Hong Kong,United Kingdom,Hong Kong,Cantonese,No,Full-Time,N/A
6a70de3bbe550b4cd0216f0d,5e96185ae3d45508abe19a36,RETURNED,Not Applicable,2026-08-03T18:30:30.361000Z,,,,,,5111,CONSENT_REVOKED,CONSENT_REVOKED,CONSENT_REVOKED,CONSENT_REVOKED,CONSENT_REVOKED,CONSENT_REVOKED,CONSENT_REVOKED,CONSENT_REVOKED,CONSENT_REVOKED,CONSENT_REVOKED,CONSENT_REVOKED,N/A
6a70e0167ee97bd92273c577,69f34d009645e8e66860ceca,RETURNED,Not Applicable,2026-08-03T18:38:22.106000Z,,,,,,244,CONSENT_REVOKED,CONSENT_REVOKED,CONSENT_REVOKED,CONSENT_REVOKED,CONSENT_REVOKED,CONSENT_REVOKED,CONSENT_REVOKED,CONSENT_REVOKED,CONSENT_REVOKED,CONSENT_REVOKED,CONSENT_REVOKED,N/A
6a70e1a5854e2d824e9fa848,6a10008da3912fb48dbbcfed,TIMED-OUT,Not Applicable,2026-08-03T18:46:18.836000Z,,,,46019.0,,398,No,None/Rather not say,39,Female,Black,United Kingdom,United Kingdom,United Kingdom,English,Yes,Part-Time,N/A
6a70e50a377aa32f18216ebb,5964ee31b752840001ca4ba4,RETURNED,Not Applicable,2026-08-03T18:59:25.500000Z,,,,,,7240,CONSENT_REVOKED,CONSENT_REVOKED,CONSENT_REVOKED,CONSENT_REVOKED,CONSENT_REVOKED,CONSENT_REVOKED,CONSENT_REVOKED,CONSENT_REVOKED,CONSENT_REVOKED,CONSENT_REVOKED,CONSENT_REVOKED,N/A
6a70e987d61b6568b32146ee,69f0b7ddbaaead7656414805,RETURNED,Not Applicable,2026-08-03T19:18:44.705000Z,,,,,,857,CONSENT_REVOKED,CONSENT_REVOKED,CONSENT_REVOKED,CONSENT_REVOKED,CONSENT_REVOKED,CONSENT_REVOKED,CONSENT_REVOKED,CONSENT_REVOKED,CONSENT_REVOKED,CONSENT_REVOKED,CONSENT_REVOKED,N/A
